Username,ID_Buku,Tanggal_Laporan
Julian,51570,26/04/1987
Britney,23550,15/02/2001
Julius,14141,24/04/2019
Gabriel,54477,29/11/2000
Johnathan,96083,31/03/2019
Aiden,87856,26/01/1999
Britney,23550,15/02/2001
Julius,14141,24/04/2019
wshit,76676,28/07/1827
Johnathan,96083,31/03/2019
Julian,51570,26/04/1987
Ciara,26153,15/05/2002
Louise,97147,24/04/1519
Harvey,37191,26/06/1122
Liliana,96083,29/02/2004
Leah,72219,26/04/2007
Britney,23550,15/02/2001
Rocco,88448,22/01/1999
Anthony,59986,05/01/2013
Hannah,58830,01/01/1111
